MachineId,TimeStamp,CpuUtilizationPercentage,MemoryUtilizationPercentage(optional),AvailableMemoryBytes,DiskReadOperationsPerSec,DiskWriteOperationsPerSec,NetworkBytesPerSecSent,NetworkBytesPerSecReceived
vm-101,2026-09-14 00:00:00+00:00,8.0,38.0,10651518894,2.5,6.0,90000,30000
vm-101,2026-09-14 02:00:00+00:00,8.0,38.0,10651518894,2.5,6.0,90000,30000
vm-101,2026-09-14 04:00:00+00:00,8.0,38.0,10651518894,2.5,6.0,90000,30000
vm-101,2026-09-14 06:00:00+00:00,8.0,38.0,10651518894,2.5,6.0,90000,30000
vm-101,2026-09-14 08:00:00+00:00,8.0,38.0,10651518894,2.5,6.0,90000,30000
vm-101,2026-09-14 10:00:00+00:00,13.0,40.0,10307921510,5.0,12.0,180000,60000
vm-101,2026-09-14 12:00:00+00:00,16.7,41.5,10056390768,6.8,16.4,245884,81961
vm-101,2026-09-14 14:00:00+00:00,18.0,42.0,9964324126,7.5,18.0,270000,90000
vm-101,2026-09-14 16:00:00+00:00,16.7,41.5,10056390768,6.8,16.4,245884,81961
vm-101,2026-09-14 18:00:00+00:00,13.0,40.0,10307921510,5.0,12.0,180000,60000
vm-101,2026-09-14 20:00:00+00:00,8.0,38.0,10651518894,2.5,6.0,90000,30000
vm-101,2026-09-14 22:00:00+00:00,8.0,38.0,10651518894,2.5,6.0,90000,30000
vm-101,2026-09-15 00:00:00+00:00,8.0,38.0,10651518894,2.5,6.0,90000,30000
vm-101,2026-09-15 02:00:00+00:00,8.0,38.0,10651518894,2.5,6.0,90000,30000
vm-101,2026-09-15 04:00:00+00:00,8.0,38.0,10651518894,2.5,6.0,90000,30000
vm-101,2026-09-15 06:00:00+00:00,8.0,38.0,10651518894,2.5,6.0,90000,30000
vm-101,2026-09-15 08:00:00+00:00,8.0,38.0,10651518894,2.5,6.0,90000,30000
vm-101,2026-09-15 10:00:00+00:00,13.0,40.0,10307921510,5.0,12.0,180000,60000
vm-101,2026-09-15 12:00:00+00:00,16.7,41.5,10056390768,6.8,16.4,245884,81961
vm-101,2026-09-15 14:00:00+00:00,18.0,42.0,9964324126,7.5,18.0,270000,90000
vm-101,2026-09-15 16:00:00+00:00,16.7,41.5,10056390768,6.8,16.4,245884,81961
vm-101,2026-09-15 18:00:00+00:00,13.0,40.0,10307921510,5.0,12.0,180000,60000
vm-101,2026-09-15 20:00:00+00:00,8.0,38.0,10651518894,2.5,6.0,90000,30000
vm-101,2026-09-15 22:00:00+00:00,8.0,38.0,10651518894,2.5,6.0,90000,30000
vm-101,2026-09-16 00:00:00+00:00,8.0,38.0,10651518894,2.5,6.0,90000,30000
vm-101,2026-09-16 02:00:00+00:00,8.0,38.0,10651518894,2.5,6.0,90000,30000
vm-101,2026-09-16 04:00:00+00:00,8.0,38.0,10651518894,2.5,6.0,90000,30000
vm-101,2026-09-16 06:00:00+00:00,8.0,38.0,10651518894,2.5,6.0,90000,30000
vm-101,2026-09-16 08:00:00+00:00,8.0,38.0,10651518894,2.5,6.0,90000,30000
vm-101,2026-09-16 10:00:00+00:00,13.0,40.0,10307921510,5.0,12.0,180000,60000
vm-101,2026-09-16 12:00:00+00:00,16.7,41.5,10056390768,6.8,16.4,245884,81961
vm-101,2026-09-16 14:00:00+00:00,18.0,42.0,9964324126,7.5,18.0,270000,90000
vm-101,2026-09-16 16:00:00+00:00,16.7,41.5,10056390768,6.8,16.4,245884,81961
vm-101,2026-09-16 18:00:00+00:00,13.0,40.0,10307921510,5.0,12.0,180000,60000
vm-101,2026-09-16 20:00:00+00:00,8.0,38.0,10651518894,2.5,6.0,90000,30000
vm-101,2026-09-16 22:00:00+00:00,8.0,38.0,10651518894,2.5,6.0,90000,30000
vm-102,2026-09-14 00:00:00+00:00,7.0,36.0,10995116277,2.5,5.5,85000,29000
vm-102,2026-09-14 02:00:00+00:00,7.0,36.0,10995116277,2.5,5.5,85000,29000
vm-102,2026-09-14 04:00:00+00:00,7.0,36.0,10995116277,2.5,5.5,85000,29000
vm-102,2026-09-14 06:00:00+00:00,7.0,36.0,10995116277,2.5,5.5,85000,29000
vm-102,2026-09-14 08:00:00+00:00,7.0,36.0,10995116277,2.5,5.5,85000,29000
vm-102,2026-09-14 10:00:00+00:00,11.5,38.0,10651518894,5.0,11.0,170000,58000
vm-102,2026-09-14 12:00:00+00:00,14.8,39.5,10399988151,6.8,15.0,232224,79229
vm-102,2026-09-14 14:00:00+00:00,16.0,40.0,10307921510,7.5,16.5,255000,87000
vm-102,2026-09-14 16:00:00+00:00,14.8,39.5,10399988151,6.8,15.0,232224,79229
vm-102,2026-09-14 18:00:00+00:00,11.5,38.0,10651518894,5.0,11.0,170000,58000
vm-102,2026-09-14 20:00:00+00:00,7.0,36.0,10995116277,2.5,5.5,85000,29000
vm-102,2026-09-14 22:00:00+00:00,7.0,36.0,10995116277,2.5,5.5,85000,29000
vm-102,2026-09-15 00:00:00+00:00,7.0,36.0,10995116277,2.5,5.5,85000,29000
vm-102,2026-09-15 02:00:00+00:00,7.0,36.0,10995116277,2.5,5.5,85000,29000
vm-102,2026-09-15 04:00:00+00:00,7.0,36.0,10995116277,2.5,5.5,85000,29000
vm-102,2026-09-15 06:00:00+00:00,7.0,36.0,10995116277,2.5,5.5,85000,29000
vm-102,2026-09-15 08:00:00+00:00,7.0,36.0,10995116277,2.5,5.5,85000,29000
vm-102,2026-09-15 10:00:00+00:00,11.5,38.0,10651518894,5.0,11.0,170000,58000
vm-102,2026-09-15 12:00:00+00:00,14.8,39.5,10399988151,6.8,15.0,232224,79229
vm-102,2026-09-15 14:00:00+00:00,16.0,40.0,10307921510,7.5,16.5,255000,87000
vm-102,2026-09-15 16:00:00+00:00,14.8,39.5,10399988151,6.8,15.0,232224,79229
vm-102,2026-09-15 18:00:00+00:00,11.5,38.0,10651518894,5.0,11.0,170000,58000
vm-102,2026-09-15 20:00:00+00:00,7.0,36.0,10995116277,2.5,5.5,85000,29000
vm-102,2026-09-15 22:00:00+00:00,7.0,36.0,10995116277,2.5,5.5,85000,29000
vm-102,2026-09-16 00:00:00+00:00,7.0,36.0,10995116277,2.5,5.5,85000,29000
vm-102,2026-09-16 02:00:00+00:00,7.0,36.0,10995116277,2.5,5.5,85000,29000
vm-102,2026-09-16 04:00:00+00:00,7.0,36.0,10995116277,2.5,5.5,85000,29000
vm-102,2026-09-16 06:00:00+00:00,7.0,36.0,10995116277,2.5,5.5,85000,29000
vm-102,2026-09-16 08:00:00+00:00,7.0,36.0,10995116277,2.5,5.5,85000,29000
vm-102,2026-09-16 10:00:00+00:00,11.5,38.0,10651518894,5.0,11.0,170000,58000
vm-102,2026-09-16 12:00:00+00:00,14.8,39.5,10399988151,6.8,15.0,232224,79229
vm-102,2026-09-16 14:00:00+00:00,16.0,40.0,10307921510,7.5,16.5,255000,87000
vm-102,2026-09-16 16:00:00+00:00,14.8,39.5,10399988151,6.8,15.0,232224,79229
vm-102,2026-09-16 18:00:00+00:00,11.5,38.0,10651518894,5.0,11.0,170000,58000
vm-102,2026-09-16 20:00:00+00:00,7.0,36.0,10995116277,2.5,5.5,85000,29000
vm-102,2026-09-16 22:00:00+00:00,7.0,36.0,10995116277,2.5,5.5,85000,29000
vm-201,2026-09-14 00:00:00+00:00,22.0,55.0,15461882265,10.0,17.5,45000,60000
vm-201,2026-09-14 02:00:00+00:00,22.0,55.0,15461882265,10.0,17.5,45000,60000
vm-201,2026-09-14 04:00:00+00:00,22.0,55.0,15461882265,10.0,17.5,45000,60000
vm-201,2026-09-14 06:00:00+00:00,22.0,55.0,15461882265,10.0,17.5,45000,60000
vm-201,2026-09-14 08:00:00+00:00,22.0,55.0,15461882265,10.0,17.5,45000,60000
vm-201,2026-09-14 10:00:00+00:00,31.0,57.0,14774687498,20.0,35.0,90000,120000
vm-201,2026-09-14 12:00:00+00:00,37.6,58.5,14271626013,27.3,47.8,122942,163923
vm-201,2026-09-14 14:00:00+00:00,40.0,59.0,14087492730,30.0,52.5,135000,180000
vm-201,2026-09-14 16:00:00+00:00,37.6,58.5,14271626013,27.3,47.8,122942,163923
vm-201,2026-09-14 18:00:00+00:00,31.0,57.0,14774687498,20.0,35.0,90000,120000
vm-201,2026-09-14 20:00:00+00:00,22.0,55.0,15461882265,10.0,17.5,45000,60000
vm-201,2026-09-14 22:00:00+00:00,22.0,55.0,15461882265,10.0,17.5,45000,60000
vm-201,2026-09-15 00:00:00+00:00,22.0,55.0,15461882265,10.0,17.5,45000,60000
vm-201,2026-09-15 02:00:00+00:00,22.0,55.0,15461882265,10.0,17.5,45000,60000
vm-201,2026-09-15 04:00:00+00:00,22.0,55.0,15461882265,10.0,17.5,45000,60000
vm-201,2026-09-15 06:00:00+00:00,22.0,55.0,15461882265,10.0,17.5,45000,60000
vm-201,2026-09-15 08:00:00+00:00,22.0,55.0,15461882265,10.0,17.5,45000,60000
vm-201,2026-09-15 10:00:00+00:00,31.0,57.0,14774687498,20.0,35.0,90000,120000
vm-201,2026-09-15 12:00:00+00:00,37.6,58.5,14271626013,27.3,47.8,122942,163923
vm-201,2026-09-15 14:00:00+00:00,40.0,59.0,14087492730,30.0,52.5,135000,180000
vm-201,2026-09-15 16:00:00+00:00,37.6,58.5,14271626013,27.3,47.8,122942,163923
vm-201,2026-09-15 18:00:00+00:00,31.0,57.0,14774687498,20.0,35.0,90000,120000
vm-201,2026-09-15 20:00:00+00:00,22.0,55.0,15461882265,10.0,17.5,45000,60000
vm-201,2026-09-15 22:00:00+00:00,22.0,55.0,15461882265,10.0,17.5,45000,60000
vm-201,2026-09-16 00:00:00+00:00,22.0,55.0,15461882265,10.0,17.5,45000,60000
vm-201,2026-09-16 02:00:00+00:00,22.0,55.0,15461882265,10.0,17.5,45000,60000
vm-201,2026-09-16 04:00:00+00:00,22.0,55.0,15461882265,10.0,17.5,45000,60000
vm-201,2026-09-16 06:00:00+00:00,22.0,55.0,15461882265,10.0,17.5,45000,60000
vm-201,2026-09-16 08:00:00+00:00,22.0,55.0,15461882265,10.0,17.5,45000,60000
vm-201,2026-09-16 10:00:00+00:00,31.0,57.0,14774687498,20.0,35.0,90000,120000
vm-201,2026-09-16 12:00:00+00:00,37.6,58.5,14271626013,27.3,47.8,122942,163923
vm-201,2026-09-16 14:00:00+00:00,40.0,59.0,14087492730,30.0,52.5,135000,180000
vm-201,2026-09-16 16:00:00+00:00,37.6,58.5,14271626013,27.3,47.8,122942,163923
vm-201,2026-09-16 18:00:00+00:00,31.0,57.0,14774687498,20.0,35.0,90000,120000
vm-201,2026-09-16 20:00:00+00:00,22.0,55.0,15461882265,10.0,17.5,45000,60000
vm-201,2026-09-16 22:00:00+00:00,22.0,55.0,15461882265,10.0,17.5,45000,60000
vm-301,2026-09-14 00:00:00+00:00,38.0,86.0,19241453486,225.0,150.0,30000,40000
vm-301,2026-09-14 02:00:00+00:00,38.0,86.0,19241453486,225.0,150.0,30000,40000
vm-301,2026-09-14 04:00:00+00:00,38.0,86.0,19241453486,225.0,150.0,30000,40000
vm-301,2026-09-14 06:00:00+00:00,38.0,86.0,19241453486,225.0,150.0,30000,40000
vm-301,2026-09-14 08:00:00+00:00,38.0,86.0,19241453486,225.0,150.0,30000,40000
vm-301,2026-09-14 10:00:00+00:00,50.5,88.0,16492674416,450.0,300.0,60000,80000
vm-301,2026-09-14 12:00:00+00:00,59.7,89.5,14480428479,614.7,409.8,81961,109282
vm-301,2026-09-14 14:00:00+00:00,63.0,90.0,13743895347,675.0,450.0,90000,120000
vm-301,2026-09-14 16:00:00+00:00,59.7,89.5,14480428479,614.7,409.8,81961,109282
vm-301,2026-09-14 18:00:00+00:00,50.5,88.0,16492674416,450.0,300.0,60000,80000
vm-301,2026-09-14 20:00:00+00:00,38.0,86.0,19241453486,225.0,150.0,30000,40000
vm-301,2026-09-14 22:00:00+00:00,38.0,86.0,19241453486,225.0,150.0,30000,40000
vm-301,2026-09-15 00:00:00+00:00,38.0,86.0,19241453486,225.0,150.0,30000,40000
vm-301,2026-09-15 02:00:00+00:00,38.0,86.0,19241453486,225.0,150.0,30000,40000
vm-301,2026-09-15 04:00:00+00:00,38.0,86.0,19241453486,225.0,150.0,30000,40000
vm-301,2026-09-15 06:00:00+00:00,38.0,86.0,19241453486,225.0,150.0,30000,40000
vm-301,2026-09-15 08:00:00+00:00,38.0,86.0,19241453486,225.0,150.0,30000,40000
vm-301,2026-09-15 10:00:00+00:00,50.5,88.0,16492674416,450.0,300.0,60000,80000
vm-301,2026-09-15 12:00:00+00:00,59.7,89.5,14480428479,614.7,409.8,81961,109282
vm-301,2026-09-15 14:00:00+00:00,63.0,90.0,13743895347,675.0,450.0,90000,120000
vm-301,2026-09-15 16:00:00+00:00,59.7,89.5,14480428479,614.7,409.8,81961,109282
vm-301,2026-09-15 18:00:00+00:00,50.5,88.0,16492674416,450.0,300.0,60000,80000
vm-301,2026-09-15 20:00:00+00:00,38.0,86.0,19241453486,225.0,150.0,30000,40000
vm-301,2026-09-15 22:00:00+00:00,38.0,86.0,19241453486,225.0,150.0,30000,40000
vm-301,2026-09-16 00:00:00+00:00,38.0,86.0,19241453486,225.0,150.0,30000,40000
vm-301,2026-09-16 02:00:00+00:00,38.0,86.0,19241453486,225.0,150.0,30000,40000
vm-301,2026-09-16 04:00:00+00:00,38.0,86.0,19241453486,225.0,150.0,30000,40000
vm-301,2026-09-16 06:00:00+00:00,38.0,86.0,19241453486,225.0,150.0,30000,40000
vm-301,2026-09-16 08:00:00+00:00,38.0,86.0,19241453486,225.0,150.0,30000,40000
vm-301,2026-09-16 10:00:00+00:00,50.5,88.0,16492674416,450.0,300.0,60000,80000
vm-301,2026-09-16 12:00:00+00:00,59.7,89.5,14480428479,614.7,409.8,81961,109282
vm-301,2026-09-16 14:00:00+00:00,63.0,90.0,13743895347,675.0,450.0,90000,120000
vm-301,2026-09-16 16:00:00+00:00,59.7,89.5,14480428479,614.7,409.8,81961,109282
vm-301,2026-09-16 18:00:00+00:00,50.5,88.0,16492674416,450.0,300.0,60000,80000
vm-301,2026-09-16 20:00:00+00:00,38.0,86.0,19241453486,225.0,150.0,30000,40000
vm-301,2026-09-16 22:00:00+00:00,38.0,86.0,19241453486,225.0,150.0,30000,40000
vm-401,2026-09-14 00:00:00+00:00,4.0,30.0,12025908428,30.0,12.5,125000,20000
vm-401,2026-09-14 02:00:00+00:00,4.0,30.0,12025908428,30.0,12.5,125000,20000
vm-401,2026-09-14 04:00:00+00:00,4.0,30.0,12025908428,30.0,12.5,125000,20000
vm-401,2026-09-14 06:00:00+00:00,4.0,30.0,12025908428,30.0,12.5,125000,20000
vm-401,2026-09-14 08:00:00+00:00,4.0,30.0,12025908428,30.0,12.5,125000,20000
vm-401,2026-09-14 10:00:00+00:00,5.5,32.0,11682311045,60.0,25.0,250000,40000
vm-401,2026-09-14 12:00:00+00:00,6.6,33.5,11430780302,82.0,34.2,341506,54641
vm-401,2026-09-14 14:00:00+00:00,7.0,34.0,11338713661,90.0,37.5,375000,60000
vm-401,2026-09-14 16:00:00+00:00,6.6,33.5,11430780302,82.0,34.2,341506,54641
vm-401,2026-09-14 18:00:00+00:00,5.5,32.0,11682311045,60.0,25.0,250000,40000
vm-401,2026-09-14 20:00:00+00:00,4.0,30.0,12025908428,30.0,12.5,125000,20000
vm-401,2026-09-14 22:00:00+00:00,4.0,30.0,12025908428,30.0,12.5,125000,20000
vm-401,2026-09-15 00:00:00+00:00,4.0,30.0,12025908428,30.0,12.5,125000,20000
vm-401,2026-09-15 02:00:00+00:00,4.0,30.0,12025908428,30.0,12.5,125000,20000
vm-401,2026-09-15 04:00:00+00:00,4.0,30.0,12025908428,30.0,12.5,125000,20000
vm-401,2026-09-15 06:00:00+00:00,4.0,30.0,12025908428,30.0,12.5,125000,20000
vm-401,2026-09-15 08:00:00+00:00,4.0,30.0,12025908428,30.0,12.5,125000,20000
vm-401,2026-09-15 10:00:00+00:00,5.5,32.0,11682311045,60.0,25.0,250000,40000
vm-401,2026-09-15 12:00:00+00:00,6.6,33.5,11430780302,82.0,34.2,341506,54641
vm-401,2026-09-15 14:00:00+00:00,7.0,34.0,11338713661,90.0,37.5,375000,60000
vm-401,2026-09-15 16:00:00+00:00,6.6,33.5,11430780302,82.0,34.2,341506,54641
vm-401,2026-09-15 18:00:00+00:00,5.5,32.0,11682311045,60.0,25.0,250000,40000
vm-401,2026-09-15 20:00:00+00:00,4.0,30.0,12025908428,30.0,12.5,125000,20000
vm-401,2026-09-15 22:00:00+00:00,4.0,30.0,12025908428,30.0,12.5,125000,20000
vm-401,2026-09-16 00:00:00+00:00,4.0,30.0,12025908428,30.0,12.5,125000,20000
vm-401,2026-09-16 02:00:00+00:00,4.0,30.0,12025908428,30.0,12.5,125000,20000
vm-401,2026-09-16 04:00:00+00:00,4.0,30.0,12025908428,30.0,12.5,125000,20000
vm-401,2026-09-16 06:00:00+00:00,4.0,30.0,12025908428,30.0,12.5,125000,20000
vm-401,2026-09-16 08:00:00+00:00,4.0,30.0,12025908428,30.0,12.5,125000,20000
vm-401,2026-09-16 10:00:00+00:00,5.5,32.0,11682311045,60.0,25.0,250000,40000
vm-401,2026-09-16 12:00:00+00:00,6.6,33.5,11430780302,82.0,34.2,341506,54641
vm-401,2026-09-16 14:00:00+00:00,7.0,34.0,11338713661,90.0,37.5,375000,60000
vm-401,2026-09-16 16:00:00+00:00,6.6,33.5,11430780302,82.0,34.2,341506,54641
vm-401,2026-09-16 18:00:00+00:00,5.5,32.0,11682311045,60.0,25.0,250000,40000
vm-401,2026-09-16 20:00:00+00:00,4.0,30.0,12025908428,30.0,12.5,125000,20000
vm-401,2026-09-16 22:00:00+00:00,4.0,30.0,12025908428,30.0,12.5,125000,20000
vm-501,2026-09-14 00:00:00+00:00,3,22,53601191854,5.0,4.0,2500,2500
vm-501,2026-09-14 02:00:00+00:00,85,70,20615843020,300,240,150000,150000
vm-501,2026-09-14 04:00:00+00:00,85,70,20615843020,300,240,150000,150000
vm-501,2026-09-14 06:00:00+00:00,3,22,53601191854,5.0,4.0,2500,2500
vm-501,2026-09-14 08:00:00+00:00,3,22,53601191854,5.0,4.0,2500,2500
vm-501,2026-09-14 10:00:00+00:00,3,22,53601191854,5.0,4.0,2500,2500
vm-501,2026-09-14 12:00:00+00:00,3,22,53601191854,5.0,4.0,2500,2500
vm-501,2026-09-14 14:00:00+00:00,3,22,53601191854,5.0,4.0,2500,2500
vm-501,2026-09-14 16:00:00+00:00,3,22,53601191854,5.0,4.0,2500,2500
vm-501,2026-09-14 18:00:00+00:00,3,22,53601191854,5.0,4.0,2500,2500
vm-501,2026-09-14 20:00:00+00:00,3,22,53601191854,5.0,4.0,2500,2500
vm-501,2026-09-14 22:00:00+00:00,3,22,53601191854,5.0,4.0,2500,2500
vm-501,2026-09-15 00:00:00+00:00,3,22,53601191854,5.0,4.0,2500,2500
vm-501,2026-09-15 02:00:00+00:00,85,70,20615843020,300,240,150000,150000
vm-501,2026-09-15 04:00:00+00:00,85,70,20615843020,300,240,150000,150000
vm-501,2026-09-15 06:00:00+00:00,3,22,53601191854,5.0,4.0,2500,2500
vm-501,2026-09-15 08:00:00+00:00,3,22,53601191854,5.0,4.0,2500,2500
vm-501,2026-09-15 10:00:00+00:00,3,22,53601191854,5.0,4.0,2500,2500
vm-501,2026-09-15 12:00:00+00:00,3,22,53601191854,5.0,4.0,2500,2500
vm-501,2026-09-15 14:00:00+00:00,3,22,53601191854,5.0,4.0,2500,2500
vm-501,2026-09-15 16:00:00+00:00,3,22,53601191854,5.0,4.0,2500,2500
vm-501,2026-09-15 18:00:00+00:00,3,22,53601191854,5.0,4.0,2500,2500
vm-501,2026-09-15 20:00:00+00:00,3,22,53601191854,5.0,4.0,2500,2500
vm-501,2026-09-15 22:00:00+00:00,3,22,53601191854,5.0,4.0,2500,2500
vm-501,2026-09-16 00:00:00+00:00,3,22,53601191854,5.0,4.0,2500,2500
vm-501,2026-09-16 02:00:00+00:00,85,70,20615843020,300,240,150000,150000
vm-501,2026-09-16 04:00:00+00:00,85,70,20615843020,300,240,150000,150000
vm-501,2026-09-16 06:00:00+00:00,3,22,53601191854,5.0,4.0,2500,2500
vm-501,2026-09-16 08:00:00+00:00,3,22,53601191854,5.0,4.0,2500,2500
vm-501,2026-09-16 10:00:00+00:00,3,22,53601191854,5.0,4.0,2500,2500
vm-501,2026-09-16 12:00:00+00:00,3,22,53601191854,5.0,4.0,2500,2500
vm-501,2026-09-16 14:00:00+00:00,3,22,53601191854,5.0,4.0,2500,2500
vm-501,2026-09-16 16:00:00+00:00,3,22,53601191854,5.0,4.0,2500,2500
vm-501,2026-09-16 18:00:00+00:00,3,22,53601191854,5.0,4.0,2500,2500
vm-501,2026-09-16 20:00:00+00:00,3,22,53601191854,5.0,4.0,2500,2500
vm-501,2026-09-16 22:00:00+00:00,3,22,53601191854,5.0,4.0,2500,2500
